,id,area,slope,elev,distroad,distcapital,peatdepth,biomasscarbonruesch,soilcarbon,biomasscarbonbaccini,defor2000,defor2001,defor2002,defor2003,defor2004,defor2005,defor2006,defor2007,defor2008,defor2009
0,1,12.0,4.571428571428571,74.28571428571429,8.285714285714286,69.42857142857143,59.42857142857143,16.181250000000002,17.037500000000005,10.187500000000002,0.813368438640625,0.5574331729625001,0.7131863773687501,0.6594252707968751,0.5326364155312501,0.435771568453125,0.452838383065625,0.35850237336875,0.9046783095000003,0.689909395196875
1,2,0.5,1.0,56.0,16.0,63.0,25.0,12.0,18.5,10.25,0.24301603575,1.123183473,0.0418033495,1.176352693,1.153302004,0.1935416905,0.8359248435,0.99265598075,0.736189227,0.5707392025
2,3,6.0,3.5,70.25,4.5,81.5,68.25,12.5,11.916666666666666,10.864583333333334,0.33228333527083337,0.5469368693854167,0.8577132625,0.7421028912395834,0.7693878207604167,0.7337167763645832,0.7104126221041667,0.7482658458854167,0.4921127068333333,0.7822021897395833
3,4,13.25,5.125,68.375,6.25,69.125,60.5,15.56698113207547,15.200943396226414,11.26509433962264,0.8724482424933961,0.41192199368584903,0.7134346084443396,1.015097129826415,0.5117997025962264,0.719501193535849,0.6380865269688678,0.619461786166981,0.6559907611490565,0.9848747031716981
